评论人,国家,时间,金币数,平台,星星数,内容,版本
Pierre L.,DE,1 hour ago,370000,xbox,5,Top ohne Witz,fifa23
Neil T.,GB,3 hours ago,40000,xbox,5,Thanks a lot,fifa23
Cori F.,GB,4 hours ago,30000,xbox,5,Very good easy,fifa23
Corey H.,GB,4 hours ago,80000,xbox,5,So easy,fifa23
Will W.,US,4 hours ago,210000,xbox,5,thank you,fifa23
Matteo P.,IT,4 hours ago,550000,ps4,5,"Molto veloci, consiglio vivamente",fifa23
Kieron W.,GB,4 hours ago,250000,xbox,5,Thank you,fifa23
Abdelrhman M.,EG,5 hours ago,1580000,ps4,5,Really great amazing,fifa23
Carlo R.,CH,6 hours ago,380000,ps4,5,Perfect thx,fifa23
Jiven V.,NL,6 hours ago,30000,ps4,5,Fast as fuck,fifa23
Musa A.,GB,6 hours ago,20000,ps4,5,Fast service,fifa23
Alessandro M.,DE,6 hours ago,10000,ps4,5,Very good,fifa23
Kai S.,NL,7 hours ago,30000,ps4,5,love it,fifa23
Ahmed R.,SA,7 hours ago,200000,ps4,5,Best coin trader so far,fifa23
Luke S.,GB,7 hours ago,150000,pc,5,Easy to use,fifa23
kealan k.,SG,8 hours ago,100000,pc,5,fast and efficient,fifa23
Rasmus T.,DK,9 hours ago,400000,pc,5,Very good,fifa23
giuseppe m.,IT,10 hours ago,100000,pc,5,velocissimi e super contento grazie mille,fifa23
Black B.,FR,10 hours ago,420000,ps4,5,Thank you ??,fifa23
Mal P.,US,10 hours ago,50000,ps4,5,Quality service as always,fifa23
Tito B.,GB,11 hours ago,450000,ps4,5,Great service,fifa23
László K.,GB,12 hours ago,180000,ps4,5,It was a bit long but very efficent,fifa23
Musa A.,GB,13 hours ago,200000,ps4,5,"Great service, a bit slow on the purchases but incredible otherwise, thank you",fifa23
Ferris D.,BE,13 hours ago,100000,pc,5,amazing honestly,fifa23
Daniel W.,GB,13 hours ago,100000,xbox,5,"Bit time consuming if you don’t have many coins to begin with but works so can’t fault it, 5/5",fifa23
Chris P.,GB,14 hours ago,500000,xbox,5,Amazing service ????,fifa23
Luke S.,GB,14 hours ago,100000,pc,5,Easy service and efficient,fifa23
Chris P.,GB,14 hours ago,500000,xbox,5,Very good service,fifa23
Musa A.,GB,14 hours ago,110000,ps4,5,Amazing service,fifa23
Harry G.,GB,15 hours ago,60000,ps4,5,Great service,fifa23
Sylvain D.,FR,15 hours ago,40000,xbox,5,Très rapide a recommander ?,fifa23
Meshari A.,US,15 hours ago,1350000,pc,5,Thank you,fifa23
Ollie D.,GB,16 hours ago,80000,xbox,5,best service about,fifa23
Ollie D.,GB,16 hours ago,80000,xbox,5,"best service about, couldn’t be more happier",fifa23
Jack M.,GB,16 hours ago,300000,ps4,5,Great service,fifa23
Mo G.,AE,17 hours ago,200000,pc,5,Great job,fifa23
Sheldon A.,CA,17 hours ago,130000,xbox,5,Have not received my coins,fifa23
Sheldon A.,CA,18 hours ago,100000,xbox,5,Thank you ?,fifa23
feitan j.,US,20 hours ago,410000,pc,5,fast af,fifa23
Philipp K.,DE,1 day ago,960000,ps4,5,"Es hat alles reibungslos Funktioniert. Mal schauen ob EA dahinter kommt, wenn nicht, sehr gute Arbeit!",fifa23
hussen h.,NL,1 day ago,100000,xbox,5,Good ty,fifa23
Francesco G.,IT,1 day ago,20000,ps4,5,Velocissimi ed efficienti,fifa23
Diego V.,ES,1 day ago,150000,ps4,5,Todo BN y rápido,fifa23
Diego P.,AR,1 day ago,10000,ps4,5,Excelent 3.0,fifa23
Diego P.,AR,1 day ago,40000,ps4,5,Excelent 2.0,fifa23
Jim W.,US,1 day ago,300000,ps4,5,Game on,fifa23
Israel R.,ES,1 day ago,340000,ps4,5,Muy correcto todo,fifa23
Adam M.,SE,1 day ago,70000,xbox,5,A long procedure but all works fine!,fifa23
Tobias J.,NO,1 day ago,680000,pc,5,It worked!,fifa23
ALIN P.,CA,1 day ago,500000,ps4,5,Legit Thanks Futcoin.net ?,fifa23
Mesfer A.,QA,1 day ago,50000,ps4,5,amazing value,fifa23
Zvonimir K.,HR,1 day ago,10000,ps4,5,Perfect page,fifa23
Zvonimir K.,HR,1 day ago,90000,ps4,5,The best page,fifa23
Ben T.,GB,1 day ago,50000,xbox,5,This is very long n pain full as the players ya showed I want on me team know bless my ps account n Xbox wit 200k Christmas,fifa23
eduardo n.,US,1 day ago,10000,ps4,5,EASY AND FAST ...,fifa23
Harry B.,GB,1 day ago,30000,xbox,5,Quick and reliable,fifa23
Aron E.,GB,1 day ago,200000,ps4,5,Excellent all sorted within an hour,fifa23
justin g.,US,1 day ago,100000,ps4,5,it is legit.,fifa23
Cobie W.,GB,1 day ago,730000,xbox,5,Top service!,fifa23
Kurilla D.,HU,1 day ago,270000,xbox,5,Very good very nice,fifa23
Yolanda P.,ES,1 day ago,10000,ps4,5,GRACIAS a esta plataforma estoy pudiendo comprarme jugadores para tener una buena plantilla,fifa23
Jordan B.,FR,1 day ago,400000,ps4,5,Grosse commande re?ue au top en 2heures,fifa23
James B.,GB,1 day ago,200000,ps4,5,200k fast,fifa23
Yolanda P.,ES,1 day ago,10000,ps4,5,todo genial,fifa23
Musa A.,GB,1 day ago,100000,ps4,5,"Thanks again, great service",fifa23
Cristian O.,ES,1 day ago,660000,xbox,5,Pedido perfecto todo mui bien,fifa23
Kai L.,US,1 day ago,620000,xbox,5,Not a scam!,fifa23
Angelo T.,AT,1 day ago,170000,ps4,5,Thank you guys !,fifa23
Abdirahman A.,NL,1 day ago,90000,pc,5,Best one,fifa23
Ken L.,GB,1 day ago,200000,ps4,5,Very fast service,fifa23
Marcel K.,DE,1 day ago,140000,pc,5,fast and ez like always thx,fifa23
Julian L.,SG,1 day ago,1270000,ps4,5,Very good service!,fifa23
Josh Q.,GB,1 day ago,50000,xbox,5,Great service,fifa23
Musa A.,GB,1 day ago,200000,ps4,5,"Excellent service, will be purchasing again",fifa23
Liam M.,GB,1 day ago,50000,xbox,5,Great app to use,fifa23
Michael M.,GB,1 day ago,310000,ps4,5,Very well done,fifa23
Michael M.,GB,1 day ago,10000,ps4,5,Was very quick,fifa23
Cole S.,GB,1 day ago,230000,xbox,5,"Great service will be using again, definitely recommend",fifa23
bradley j.,GB,1 day ago,230000,ps4,5,Great service easy to carry out,fifa23
Josh H.,GB,1 day ago,400000,ps4,5,Decent service,fifa23
Gabriele M.,IT,1 day ago,130000,pc,5,tanta roba,fifa23
?an G.,SI,1 day ago,50000,ps4,5,Great exp,fifa23
Ioannis C.,GR,1 day ago,300000,pc,5,Fast and great method of getting coins,fifa23
Benjy E.,GB,1 day ago,100000,ps4,5,Amazing and cheap,fifa23
razvan r.,RO,1 day ago,30000,ps4,5,The best,fifa23
Emre K.,TR,1 day ago,50000,ps4,5,best coin transfer site,fifa23
Jordan Q.,AU,1 day ago,60000,xbox,5,so good,fifa23
Boedi P.,ID,1 day ago,250000,ps4,5,Thank you!,fifa23
feitan j.,US,1 day ago,200000,pc,5,the best!,fifa23
Brandon R.,US,1 day ago,70000,ps4,5,Great as always,fifa23
Gareth L.,GB,1 day ago,200000,xbox,5,"Perfect, thank you",fifa23
Jay D.,GB,1 day ago,80000,ps4,5,good service,fifa23
Pateicio Alejandro C.,MX,1 day ago,2000000,xbox,5,Diez de 10 como siempre,fifa23
Bartosz K.,PL,2 days ago,20000,pc,5,Legit and fast,fifa23
Luigi B.,GB,2 days ago,200000,ps4,5,Very quick service,fifa23
Don I.,BA,2 days ago,100000,xbox,5,fast nice,fifa23
Tadej B.,SI,2 days ago,20000,xbox,5,It took the time but got my coins (Y),fifa23
Anon J.,PL,2 days ago,30000,pc,5,git gud,fifa23
Ekrem B.,SI,2 days ago,20000,ps4,5,Toooop !!!!!,fifa23
Alaa M.,IL,2 days ago,480000,ps4,5,Nice service thanks,fifa23
Murilo g.,US,2 days ago,500000,ps4,5,Quick and easy!!,fifa23
John M.,US,2 days ago,200000,ps4,5,Fast and safe thanks !,fifa23
Henry B.,GB,2 days ago,100000,xbox,5,It was great,fifa23
Nux F.,GB,2 days ago,470000,ps4,5,4yujjuuhuidiodod jfudjhd,fifa23
Ben H.,GB,2 days ago,450000,xbox,5,Great service!,fifa23
Sean T.,GB,2 days ago,100000,ps4,5,Quick and easy,fifa23
vi s.,CZ,2 days ago,1000000,ps4,5,1 mil. in an hour! Loveleh,fifa23
Wojtek B.,GB,2 days ago,100000,xbox,5,Very good,fifa23
Taylor T.,GB,2 days ago,170000,ps4,5,Yes sirr,fifa23
Brendon M.,US,2 days ago,10000,ps4,5,easy and quick,fifa23
Tomas F.,PT,2 days ago,10000,pc,5,good work,fifa23
HAREL K.,IL,2 days ago,10000,ps4,5,FREE COINS,fifa23
Alexandru T.,BE,2 days ago,210000,ps4,5,great service,fifa23
Senne B.,BE,2 days ago,190000,pc,5,Good service!,fifa23
Szymczak K.,GB,2 days ago,100000,pc,5,Nice and easy,fifa23
Bányász G.,HU,2 days ago,840000,pc,5,very good,fifa23
Marcus Z.,GB,2 days ago,200000,ps4,5,Always a good service,fifa23
Gilles R.,BE,2 days ago,140000,pc,5,Snelle en vertrouwbare levering!,fifa23
Dermotov M.,IE,2 days ago,10000,ps4,5,Love it,fifa23
Gianluca V.,RO,2 days ago,400000,ps4,5,very very good,fifa23
Ennio A.,BA,2 days ago,50000,pc,5,"Very fast, practical and amazing! Thanks",fifa23
Gilles R.,BE,2 days ago,40000,pc,5,Erg goed!,fifa23
Alex B.,GB,2 days ago,100000,xbox,5,Amazing and very easy to do l. Just take a-bit if time due to fifa being money hungry people,fifa23
Fabio R.,PT,2 days ago,150000,ps4,5,It’s nice,fifa23
Andrea P.,IT,2 days ago,270000,ps4,5,Servizio rapido ed efficiente,fifa23
Noah R.,BE,2 days ago,30000,pc,5,Goede service!,fifa23
A A.,SA,2 days ago,270000,ps4,5,Gggg nice,fifa23
Gilles R.,BE,2 days ago,40000,pc,5,Erg goed,fifa23
Gilles R.,BE,2 days ago,10000,pc,5,Erg goede service!,fifa23
Mark R.,GB,2 days ago,1080000,xbox,5,Always amazing,fifa23
caner k.,TR,2 days ago,30000,pc,5,?ok h?zl?,fifa23
Dennis s.,CH,2 days ago,20000,pc,5,Really fast,fifa23
Yousef A.,ES,2 days ago,10000,pc,5,smooth and simple.,fifa23
Nikola M.,RS,2 days ago,100000,ps4,5,Very good,fifa23
arif A.,SG,2 days ago,10000,ps4,5,It actually works,fifa23
Mahjoub A.,FR,2 days ago,300000,ps4,5,EXCELLENT ET RAPIDE!,fifa23
William D.,AU,2 days ago,110000,pc,5,was very good,fifa23
Alvaro A.,ES,2 days ago,250000,xbox,5,Muy buen trabajo,fifa23
Alessandro G.,ID,2 days ago,200000,pc,5,thank you!,fifa23
Codi N.,AU,2 days ago,150000,pc,5,Legends! Easy as guide to follow. Will use again,fifa23
William D.,AU,2 days ago,100000,pc,5,easy and good,fifa23
Juan R.,US,2 days ago,500000,ps4,5,great service,fifa23
Aaron M.,GB,2 days ago,200000,xbox,5,I made an error and purchased the wrong delivery option. They sorted it out of their usual hours and changed it for manual. Worked without being banned,fifa23
Tori W.,AU,2 days ago,230000,ps4,5,Cap giveaway,fifa23
Jovan L.,SG,2 days ago,100000,ps4,5,3 time using their service. Great,fifa23
Lawrence O.,IE,2 days ago,30000,ps4,5,Great but too expensive,fifa23
Kyle M.,GB,2 days ago,200000,xbox,5,Very quick and reliable,fifa23
Tuur V.,NL,2 days ago,140000,ps4,5,Kanker litttt,fifa23
David R.,US,2 days ago,30000,ps4,5,Ye S,fifa23
Will R.,AU,3 days ago,470000,ps4,5,very good,fifa23
David K.,CA,3 days ago,1200000,ps4,5,best place to buy fut coin,fifa23
Joelan K.,GB,3 days ago,50000,xbox,5,GG easy,fifa23
Mardocai B.,CA,3 days ago,240000,ps4,5,great website,fifa23
Leonardo X.,CA,3 days ago,2040000,ps4,5,very good,fifa23
Cameron T.,GB,3 days ago,10000,xbox,5,Where are my coins,fifa23
Noah V.,BE,3 days ago,200000,ps4,5,Thnx good shit,fifa23
junior b.,GB,3 days ago,110000,ps4,5,love these guys,fifa23
Kevin G.,DE,3 days ago,390000,xbox,5,"Sehr Sehr geil, super Team seid ihr, habt mir sehr weitergeholfen.",fifa23
James C.,GB,3 days ago,10000,ps4,5,Very good,fifa23
Atila S.,GB,3 days ago,100000,xbox,5,very good delivery,fifa23
Milan P.,GB,3 days ago,20000,xbox,5,Haha e,fifa23
Arunjit S.,CA,3 days ago,230000,ps4,5,Very good,fifa23
Jake B.,GB,3 days ago,200000,ps4,5,Class service,fifa23
Luis T.,GB,3 days ago,100000,xbox,5,Quick and easy,fifa23
Lars T.,NO,3 days ago,500000,ps4,5,Amazing. Lost coins to FIFA but futcoin gave me new coins to my FUT. Thank You ?,fifa23
Liam M.,GB,3 days ago,60000,xbox,5,Easy and reliable,fifa23
Anir R.,SG,3 days ago,100000,ps4,5,it was fairly easy to do 100% would recommend,fifa23
Kysh O.,US,3 days ago,150000,xbox,5,Great as always,fifa23
Jakub K.,CZ,3 days ago,30000,ps4,5,very nice job,fifa23
J F.,GB,3 days ago,200000,ps4,5,thanks you,fifa23
Koray K.,CH,3 days ago,940000,ps4,5,Super site ! Je recommande 940.000 Coins ?,fifa23
Francisco D.,ES,3 days ago,400000,ps4,5,Great. Thanks,fifa23
artem d.,UA,3 days ago,100000,ps4,5,very nice!,fifa23
eduardo s.,US,3 days ago,1500000,xbox,5,"1500,000 excelente servicio!.",fifa23
Mikey S.,GB,3 days ago,200000,pc,5,10 out of 10,fifa23
Matthew M.,GB,3 days ago,250000,xbox,5,Brilliant. Very easy,fifa23
Jesus D.,US,3 days ago,300000,ps4,5,Fast delivery,fifa23
Logan H.,GB,3 days ago,300000,xbox,5,Very very good,fifa23
Jesus D.,US,3 days ago,220000,ps4,5,Took long but is worth it,fifa23
Daniel L.,US,3 days ago,600000,ps4,5,Great stuff. Legit and easy.,fifa23
Abdirahman A.,NL,3 days ago,30000,pc,5,Nice and easy,fifa23
G0RD0H0TS M.,CL,3 days ago,10000,ps4,5,Muy tapido,fifa23
Thomas P.,GB,3 days ago,500000,pc,5,Gg wp,fifa23
Milan V.,BE,3 days ago,350000,ps4,5,Perfecte service,fifa23
Arnab G.,IE,3 days ago,200000,ps4,5,Excellent service as always,fifa23
William L.,GB,3 days ago,50000,ps4,5,Very good service,fifa23
Dario D.,NZ,3 days ago,200000,xbox,5,Good service,fifa23
Yair V.,US,3 days ago,80000,ps4,5,goated like always,fifa23
Nhan L.,US,3 days ago,20000,ps4,5,ok ok,fifa23
Nhan L.,US,3 days ago,180000,ps4,5,good but a little bit long on the end,fifa23
Camilo N.,NZ,3 days ago,100000,xbox,5,Me gusto,fifa23
Mehdi K.,FR,3 days ago,10000,ps4,5,Exellent service,fifa23
Rushaun H.,GB,3 days ago,10000,pc,5,too tier,fifa23
Carlos C.,PT,4 days ago,100000,ps4,5,Thank you,fifa23
reyiander d.,IT,4 days ago,550000,ps4,5,super service as always!,fifa23
Andrei D.,IT,4 days ago,290000,pc,5,best shop,fifa23
Liam M.,GB,4 days ago,550000,ps4,5,Great service. Used a couple of time now. So easy!,fifa23
Ryan P.,GB,4 days ago,40000,xbox,5,Easy to do ?,fifa23
Dennis s.,CH,4 days ago,10000,pc,5,realy fast,fifa23
mohammed f.,GB,4 days ago,50000,ps4,5,Safe and easy but needs be faster to buy the player,fifa23
Thomas B.,GB,4 days ago,30000,ps4,5,Give me 100 k plz (for the bantz),fifa23
AlmohanadMK K.,AE,4 days ago,20000,ps4,5,I love this app. This is the best app,fifa23
Beth J.,BE,4 days ago,400000,ps4,5,On point,fifa23
RAED Y.,US,4 days ago,50000,ps4,5,Habiba i luv u,fifa23
HAREL K.,IL,4 days ago,10000,ps4,5,Thank you very much again I'm very happy I have a crazy fifa team and only if you weren't there I wouldn't have a very high box and thank you very much,fifa23
Declan Y.,GB,4 days ago,100000,xbox,5,Top lads,fifa23
HAREL K.,IL,4 days ago,40000,ps4,5,Thank you very much again I'm very happy I have a crazy fifa team and only if you weren't there I wouldn't have a very high box and thank you very much,fifa23
Cobie W.,GB,4 days ago,650000,xbox,5,Great service as always!,fifa23
Ahmad G.,SA,4 days ago,150000,ps4,5,Great as always,fifa23
Muthukamalesh M.,AU,4 days ago,40000,ps4,5,amazing work,fifa23
Gabriele M.,IT,4 days ago,10000,pc,5,veramente veramente vearmente buono,fifa23
Gabriele M.,IT,4 days ago,180000,pc,5,ottimo servizio,fifa23
Cameron W.,GB,4 days ago,250000,xbox,5,"Very good, very nice",fifa23
GG K.,GR,4 days ago,700000,ps4,5,Nice app!,fifa23
Jacob S.,AU,4 days ago,80000,xbox,5,Boss asf ngl,fifa23
G0RD0H0TS M.,CL,4 days ago,30000,ps4,5,Super rápido,fifa23
G0RD0H0TS M.,CL,4 days ago,30000,ps4,5,Super rápido y confiable,fifa23
Liam M.,GB,4 days ago,70000,xbox,5,Such a great app,fifa23
Liam M.,GB,4 days ago,80000,xbox,5,Great great great,fifa23
derek p.,GB,4 days ago,260000,xbox,5,thank you,fifa23
derek p.,GB,4 days ago,260000,xbox,5,thank you,fifa23
Florea A.,RO,4 days ago,10000,ps4,5,Nice ?,fifa23
Edoardo P.,IT,4 days ago,100000,ps4,5,Tutto alla grande!,fifa23
Cadien M.,AU,4 days ago,50000,ps4,5,Good shi,fifa23
Adrián P.,ES,4 days ago,300000,ps4,5,"Rápido ,100% recomendable",fifa23
Reggie B.,US,4 days ago,250000,ps4,5,Love it,fifa23
Mbale S.,AU,4 days ago,40000,ps4,5,That was great gheeee,fifa23
Jakob P.,AU,5 days ago,150000,ps4,5,Bit slow but worked well,fifa23
Hoose P.,AU,5 days ago,270000,xbox,5,Really easy and effective,fifa23
Patryk S.,PL,5 days ago,20000,pc,5,A fast and great way of delivery,fifa23
matthew g.,GB,5 days ago,100000,ps4,5,great thanks,fifa23
Mike K.,GB,5 days ago,820000,ps4,5,Great service,fifa23
Nicolaj T.,DK,5 days ago,1500000,ps4,5,Always good service,fifa23
l m.,GB,5 days ago,950000,ps4,5,good sustem,fifa23
Adrian L.,US,5 days ago,200000,xbox,5,great service,fifa23
Ivan S.,ES,5 days ago,200000,pc,5,I LOVE U,fifa23
Robert l.,GB,5 days ago,10000,ps4,5,Easy to do great service,fifa23
Claudio G.,IT,5 days ago,700000,ps4,5,I migliori!!!!,fifa23
ANIS M.,US,5 days ago,300000,pc,5,Very professional!!,fifa23
Marcus Z.,GB,5 days ago,150000,ps4,5,Brilliant as always,fifa23
Dan L.,GB,5 days ago,40000,xbox,5,Bdhgg he jmh,fifa23
Aman G.,GB,5 days ago,120000,ps4,5,Thank you,fifa23
Adam J.,GB,5 days ago,50000,xbox,5,so fast,fifa23
Sam H.,GB,5 days ago,240000,ps4,5,Good good,fifa23
Giorgio P.,IT,5 days ago,10000,ps4,5,SERVIZIO ECCELLENTE!,fifa23
Marco A.,IT,5 days ago,150000,ps4,5,Perfetti ero un po’ titubante ma sono arrivati 150 k crediti,fifa23
Francisco S.,US,5 days ago,150000,ps4,5,Fast as always,fifa23
Oliver H.,CA,5 days ago,150000,ps4,5,simple and fast,fifa23
pedro c.,US,5 days ago,500000,ps4,5,"awesome deal, like always!!",fifa23
Zo? D.,NL,5 days ago,20000,ps4,5,Werkt perfect 100%legit,fifa23
John C.,GB,5 days ago,100000,pc,5,good job !!!,fifa23
Lorendo E.,GB,5 days ago,600000,ps4,5,Very good web,fifa23
Arjan S.,GB,5 days ago,20000,ps4,5,Me encanta,fifa23
Milan P.,GB,5 days ago,30000,xbox,5,Good and fast,fifa23
HAREL K.,IL,5 days ago,200000,ps4,5,Thank you very much for the coins I am very happy,fifa23
AlmohanadMK K.,AE,5 days ago,40000,ps4,5,I thank you very much this app is the best for buying futcoins,fifa23
James G.,GB,5 days ago,50000,xbox,5,Greatest ever,fifa23
Patrick B.,US,5 days ago,20000,xbox,5,Good service,fifa23
jak b.,GB,5 days ago,90000,xbox,5,Reliable and easy as always.!,fifa23
berker ?.,TR,5 days ago,1000000,pc,5,thanks fast safe,fifa23
Kristian L.,DK,5 days ago,30000,ps4,5,very useful:),fifa23
Patrick E.,NO,5 days ago,620000,ps4,5,Thanks so much?,fifa23
Harry B.,GB,5 days ago,100000,xbox,5,Quick and easy,fifa23
Alan P.,GB,5 days ago,20000,ps4,5,Jack come in the house stop staring at the helicopter,fifa23
yousif a.,AE,5 days ago,260000,pc,5,good and trustable web but you can get confused a bit,fifa23
Matt M.,US,5 days ago,150000,xbox,5,Great service. Good prices.,fifa23
Juan D.,US,5 days ago,350000,ps4,5,Amazing Service!,fifa23
Patrick B.,US,5 days ago,20000,xbox,5,"Thankyou, good service",fifa23
Juan D.,US,5 days ago,70000,xbox,5,Amazing Service!,fifa23
pavlos L.,GR,5 days ago,40000,pc,5,Great Service As Always,fifa23
Edward C.,US,5 days ago,260000,xbox,5,Works like a charm. A little slow if you order a lot of coins and choose manual but other than that it’s great.,fifa23
kyle k.,US,5 days ago,250000,pc,5,Very quick,fifa23
Reed K.,US,6 days ago,130000,pc,5,Dope site,fifa23
pedro c.,US,6 days ago,1200000,ps4,5,good deal,fifa23
Mohammad M.,US,6 days ago,140000,ps4,5,Amazing speedy service,fifa23
Mohammad M.,US,6 days ago,10000,ps4,5,BEST SERVICE EVER,fifa23
Jakub R.,SK,6 days ago,150000,ps4,5,very good,fifa23
Alex B.,GB,6 days ago,260000,ps4,5,Very easy to follow so happy,fifa23
Logan D.,BE,6 days ago,200000,ps4,5,"Simple et efficace, le top !",fifa23
Ibrahim K.,FR,6 days ago,230000,ps4,5,Super ? et fiable,fifa23
Michael P.,BE,6 days ago,100000,ps4,5,Au top,fifa23
Michel L.,SE,6 days ago,730000,xbox,5,high level,fifa23
Stephens F.,GB,6 days ago,100000,ps4,5,LETS GOOOOOOOOOOOO,fifa23
Valentin B.,GB,6 days ago,100000,ps4,5,Great quick and easy,fifa23
Tomas J.,NO,6 days ago,50000,ps4,5,Very good. Got mine after few min.?,fifa23
Owen N.,US,6 days ago,40000,ps4,5,Thanks brill as always,fifa23
Patrick B.,US,6 days ago,10000,xbox,5,The service was great,fifa23
Adam R.,FR,6 days ago,10000,xbox,5,Très rapide et sécurisé je recommande fort fort,fifa23
Matt C.,IL,6 days ago,300000,ps4,5,Thanks alot,fifa23
Rayyan K.,GB,6 days ago,10000,ps4,5,Very good,fifa23
Stewart M.,GB,6 days ago,90000,xbox,5,Easy to use,fifa23
samuel h.,US,6 days ago,90000,ps4,5,fast n ez,fifa23
Ander A.,ES,6 days ago,390000,ps4,5,Very good,fifa23
Kaan C.,GB,6 days ago,880000,ps4,5,Great as always,fifa23
Matthew D.,GB,6 days ago,700000,xbox,5,Amazing as always,fifa23
Andy C.,GB,6 days ago,340000,ps4,5,Excellent service,fifa23
Martijn B.,ES,6 days ago,520000,ps4,5,"Just amazing, 100% recommended!",fifa23
jak b.,GB,6 days ago,30000,xbox,5,Thx again!,fifa23
Gary M.,US,6 days ago,250000,ps4,5,Quick service,fifa23
Cori F.,GB,6 days ago,80000,xbox,5,Good easy delivery,fifa23
Alexander g.,SE,6 days ago,20000,xbox,5,Super simple and Quick way to get coins,fifa23
Dario D.,NZ,6 days ago,280000,xbox,5,Great service,fifa23
Pateicio Alejandro C.,MX,6 days ago,320000,xbox,5,Como siempre excelente servicio,fifa23
Darren L.,SG,1 week ago,40000,pc,5,Great Experience fast and reliable,fifa23
Javier G.,MX,1 week ago,80000,xbox,5,"Excelente, rápido y seguro! Gracias :D",fifa23
Joey M.,GB,1 week ago,200000,ps4,5,Great will be doing it again,fifa23
Omar N.,QA,1 week ago,350000,ps4,5,I have just bought 350k coins and done the process manually and only took 10-15 minutes. THANK YOU!! However I am afraid I could get transfer banned. But 5 star experience for sure.,fifa23
Jeroen B.,NL,1 week ago,50000,ps4,5,The best service,fifa23
Javier G.,MX,1 week ago,100000,xbox,5,Muy confiable y seguro bros!,fifa23
Rayyan M.,GB,1 week ago,230000,ps4,5,Best service ever… so easy to use,fifa23
Gino V.,BE,1 week ago,1100000,ps4,5,Fast trades! ?,fifa23
Javier G.,MX,1 week ago,220000,xbox,5,"Good, fast and safe as always! Thank you!",fifa23
Kyle M.,GB,1 week ago,100000,xbox,5,Common futcoin.net W,fifa23
Francesco D.,IT,1 week ago,150000,ps4,5,per ora ok,fifa23
Jose German M.,ES,1 week ago,200000,ps4,5,Genial todo Gracias,fifa23
Tagi A.,BE,1 week ago,100000,ps4,5,Werkt echt,fifa23
Akmal C.,SG,1 week ago,5000000,ps4,5,AMAZING WORK,fifa23
Mikey S.,GB,1 week ago,100000,pc,5,Thanks good service,fifa23
Arthur D.,BE,1 week ago,270000,ps4,5,better not gettin banned innit,fifa23
Mikey S.,GB,1 week ago,200000,pc,5,Very good service,fifa23
Ashu M.,US,1 week ago,800000,xbox,5,It was easy. Thanks,fifa23
Lucs B.,IT,1 week ago,500000,ps4,5,Very Good,fifa23
Stefen E.,GB,1 week ago,400000,ps4,5,The best ever,fifa23
Usman K.,GB,1 week ago,60000,ps4,5,5 stars always,fifa23
Alessandro M.,DE,1 week ago,100000,ps4,5,Very good,fifa23
Brandon K.,US,1 week ago,30000,xbox,5,best app,fifa23
Sivert V.,NO,1 week ago,60000,ps4,5,Good service,fifa23
Lewis O.,GB,1 week ago,60000,ps4,5,Quick and easy,fifa23
Adam B.,CZ,1 week ago,90000,xbox,5,Ok ale was good,fifa23
Dieter L.,BE,1 week ago,150000,ps4,5,So fast and so good! Works well!!!,fifa23
Harry B.,GB,1 week ago,100000,xbox,5,Boss works fine and quick,fifa23
Alessandro U.,IT,1 week ago,20000,ps4,5,Ottimo servizio,fifa23
Alessandro U.,IT,1 week ago,20000,ps4,5,Ottimo servizio,fifa23
Francisco D.,ES,1 week ago,260000,ps4,5,Great. Thanks,fifa23
David Y.,IL,1 week ago,10000,xbox,5,?t work,fifa23
Csáki A.,HU,1 week ago,30000,pc,5,Ok Ok oK okokko,fifa23
Steve H.,GB,1 week ago,160000,ps4,5,Great service,fifa23
Keith L.,GB,1 week ago,500000,ps4,5,TOP CLASS SERVICE YET AGAIN,fifa23
Joseph S.,NZ,1 week ago,30000,ps4,5,Genuinely surprised it worked. These things usually don’t.,fifa23
Leonardo M.,PT,1 week ago,180000,pc,5,porreiro bem bom,fifa23
Timothy R.,GB,1 week ago,300000,xbox,5,Perfect service,fifa23
Javier G.,MX,1 week ago,100000,xbox,5,Awesome!! And safe!!,fifa23
Javier G.,MX,1 week ago,100000,xbox,5,Easy and fun! 100% Recommended!!,fifa23
Nils M.,BE,1 week ago,30000,ps4,5,Super !,fifa23
J C.,AU,1 week ago,200000,ps4,5,G f g,fifa23
Aaron H.,AU,1 week ago,300000,xbox,5,again great,fifa23
J C.,AU,1 week ago,20000,ps4,5,D d d,fifa23
Timothy S.,US,1 week ago,90000,xbox,5,Always the best. Trustworthy and fast!,fifa23
Fernando C.,US,1 week ago,220000,ps4,5,Great I loved it!!,fifa23
Aaron H.,AU,1 week ago,480000,xbox,5,love you,fifa23
Carl S.,SE,1 week ago,100000,pc,5,very good,fifa23
Randy A.,AU,1 week ago,410000,ps4,5,Very good service,fifa23
Bartlomiej O.,GB,1 week ago,250000,ps4,5,Super quick !,fifa23
Antonio R.,BE,1 week ago,80000,ps4,5,Zeer goed,fifa23
Charlie G.,GB,1 week ago,90000,pc,5,East to complete,fifa23
Declan M.,GB,1 week ago,20000,ps4,5,Great thanks,fifa23
Tavish M.,CA,1 week ago,250000,xbox,5,Easy and effective,fifa23
Saoud A.,QA,1 week ago,1000000,ps4,5,Boom .. better then buying packs ?,fifa23
Dan M.,GB,1 week ago,30000,ps4,5,Fast and reliable,fifa23
Szia s.,RS,1 week ago,10000,pc,5,Fast and safe,fifa23
Dan M.,GB,1 week ago,100000,ps4,5,Fast and reliable,fifa23
Szia s.,RS,1 week ago,10000,pc,5,Very fasz and safe,fifa23
Federico V.,IT,1 week ago,40000,ps4,5,V. Vghh,fifa23
Sanjay T.,GB,1 week ago,1200000,ps4,5,Great; thanks for getting this done,fifa23
Achim K.,DE,1 week ago,130000,pc,5,Top immer wieder gerne,fifa23
Nikita B.,US,1 week ago,600000,xbox,5,Fast and affective!!!,fifa23
Bryan B.,US,1 week ago,100000,ps4,5,Long process but totally worth it!,fifa23
Ricky V.,GB,1 week ago,180000,ps4,5,Quick service !!,fifa23
lukas a.,SE,1 week ago,150000,pc,5,good and fast!,fifa23
To B.,SE,1 week ago,10000,xbox,5,Went well,fifa23
Patrik S.,CH,1 week ago,250000,pc,5,Gg boys,fifa23
John J.,GB,1 week ago,80000,ps4,5,Good fast,fifa23
Nikola H.,CH,1 week ago,30000,ps4,5,Sehr einfach!,fifa23
Kyle E.,GB,1 week ago,50000,xbox,5,Another great and fast service,fifa23
Thomas B.,GB,1 week ago,120000,ps4,5,Amazing thank you,fifa23
Tamás S.,HU,1 week ago,200000,ps4,5,Thank you,fifa23
Federico V.,IT,1 week ago,200000,ps4,5,A a a,fifa23
Sven D.,BE,1 week ago,210000,ps4,5,Fast delivery,fifa23
Mikey S.,GB,1 week ago,250000,pc,5,Good service,fifa23
Riyaad J.,ZA,1 week ago,40000,xbox,5,Always reliable,fifa23
Arthur D.,BE,1 week ago,180000,ps4,5,i better not gettin baned,fifa23
Javier H.,CL,1 week ago,90000,ps4,5,Todo muy rápido. Gracias!,fifa23
Miguel B.,US,1 week ago,100000,xbox,5,Great would recommend to anyone,fifa23
Omar D.,FR,1 week ago,80000,xbox,5,Parfois difficile de trouver un player facilement sur le marcher vu les prix demander parfois trop bas mais bon,fifa23
Ander A.,ES,1 week ago,350000,ps4,5,Very good,fifa23
Omar D.,FR,1 week ago,50000,xbox,5,Nickel je recommande aucune arnaque c’est mon 10 eme achat environ depuis fut22,fifa23
Jaafar A.,BE,1 week ago,40000,ps4,5,Snelle en eerlijke service! Top,fifa23
Patrik M.,CH,1 week ago,1740000,ps4,5,Sehr gut geklappt,fifa23
Ryan L.,US,1 week ago,200000,xbox,5,Top notch!,fifa23
Luis W.,MX,1 week ago,500000,xbox,5,love this,fifa23
André B.,PT,1 week ago,50000,ps4,5,Always awesome!,fifa23
Sam P.,CA,1 week ago,420000,ps4,5,"420,000 coins and a fun way to do it. The manual method was quite enjoyable if you like buying and selling players on the market. Will definitely use again. Make sure you have at least an hour to complete the manual method though as it does take some time.",fifa23
Gert N.,DK,1 week ago,90000,ps4,5,"90,000 coins thx",fifa23
samuel h.,US,1 week ago,20000,ps4,5,fast n ez,fifa23
mustafa s.,DE,1 week ago,10000,ps4,5,Ni e,fifa23
Jonny V.,GB,1 week ago,380000,ps4,5,"Thanks, took very little time ?",fifa23
Alex T.,CH,1 week ago,210000,ps4,5,Best site,fifa23
Quinten B.,NL,1 week ago,70000,ps4,5,It works amazing,fifa23
Jude C.,GB,1 week ago,50000,xbox,5,Absolutely amazing,fifa23
Ricky H.,GB,1 week ago,40000,ps4,5,Good thanks buddy,fifa23
Khalid Q.,IE,1 week ago,80000,ps4,5,Very good service??,fifa23
Pateicio Alejandro C.,MX,1 week ago,10000,xbox,5,10/10 lo maximo,fifa23
Pateicio Alejandro C.,MX,1 week ago,30000,xbox,5,La mejor página sin duda,fifa23
Pateicio Alejandro C.,MX,1 week ago,200000,xbox,5,Excelente servicio 1000/1000,fifa23
Marcel K.,DE,1 week ago,140000,pc,5,Fast thx,fifa23
Finlay C.,GB,1 week ago,40000,xbox,5,Thanks it was amazing,fifa23
Ha A.,NO,1 week ago,20000,ps4,5,Fast and easy!,fifa23
Lil B.,SA,1 week ago,20000,ps4,5,Ronaldo Messi Mbappe Neymar,fifa23
Riyaad J.,ZA,1 week ago,40000,xbox,5,Wow no doubt in my mind when making my first purchase very reliable,fifa23
Fletcher D.,GB,1 week ago,50000,ps4,5,So good,fifa23
Henry B.,GB,1 week ago,20000,ps4,5,It was very simple and it works,fifa23
Andrew P.,US,1 week ago,120000,ps4,5,Very convenient,fifa23
Lior S.,IL,1 week ago,120000,xbox,5,Amazing thanks,fifa23
Chris L.,GB,1 week ago,80000,xbox,5,80000 easy,fifa23
Joseph O.,US,1 week ago,1000000,xbox,5,Can’t say enough about how easy,fifa23
Jack M.,GB,1 week ago,90000,ps4,5,Great service,fifa23
Dermotov M.,IE,1 week ago,100000,ps4,5,The best,fifa23
Ibrahim A.,CA,1 week ago,210000,ps4,5,simple and quick,fifa23
Joseph O.,US,1 week ago,500000,xbox,5,Easy peesie,fifa23
Gary S.,GB,1 week ago,350000,ps4,5,Great service once again,fifa23
Talal A.,SA,1 week ago,900000,pc,5,Fut coin is the best,fifa23
Francisco D.,ES,1 week ago,400000,ps4,5,Great. Thanks,fifa23
Mhmd A.,IL,1 week ago,200000,ps4,5,Very good,fifa23
Mattias Dib M.,SE,1 week ago,210000,ps4,5,Hud dhit,fifa23
Jordy W.,NL,1 week ago,120000,ps4,5,Good as always,fifa23
Seb H.,AU,1 week ago,110000,xbox,5,Very fast and efficient,fifa23
ALEX L.,RO,1 week ago,10000,pc,5,Nice job,fifa23
Jaka P.,SI,1 week ago,180000,pc,5,very good and nice,fifa23
Bryan V.,CH,1 week ago,300000,ps4,5,Commande rapide et fiable je vous conseille plut?t que de gaspiller dans des points fut,fifa23
Loize P.,SI,1 week ago,150000,ps4,5,Gud stuff,fifa23
Soulmat A.,AE,1 week ago,360000,ps4,5,Amazing method,fifa23
Mikey S.,GB,1 week ago,200000,pc,5,Good service,fifa23
Nik G.,GB,1 week ago,50000,xbox,5,Smooth transaction as always,fifa23
Chris O.,US,1 week ago,200000,ps4,5,"fast, sorry for messing up the first time",fifa23
Lachlan M.,AU,1 week ago,250000,xbox,5,W coins,fifa23
Jovan L.,SG,1 week ago,10000,ps4,5,2nd time buying. Smooooth,fifa23
Bernardo C.,PT,1 week ago,10000,ps4,5,ta mel,fifa23
Joele B.,US,1 week ago,90000,xbox,5,Sempre molto bene,fifa23
Tycho v.,NL,1 week ago,200000,ps4,5,Verh good,fifa23
LUIZ O.,BR,1 week ago,150000,ps4,5,fucked i love it !,fifa23
David M.,GB,1 week ago,200000,xbox,5,…. Class,fifa23
Daniel M.,GB,1 week ago,300000,xbox,5,Quality service,fifa23
Alex T.,CH,1 week ago,120000,ps4,5,The best,fifa23
Daniel W.,GB,1 week ago,100000,ps4,5,Lets gooooo,fifa23
Zac M.,GB,1 week ago,50000,ps4,5,Brilliant!! Thank you,fifa23
Daniel L.,GB,1 week ago,290000,ps4,5,Great service,fifa23
Jenkis R.,DE,1 week ago,270000,ps4,5,Super cool,fifa23
Liam M.,GB,1 week ago,10000,xbox,5,Great amazing great,fifa23
Cameron W.,GB,1 week ago,110000,xbox,5,Sooo fast ?,fifa23
Mathieu D.,CA,1 week ago,10000,ps4,5,Nice and Fast,fifa23
Dan F.,GB,1 week ago,30000,ps4,5,Good service,fifa23
Rayyan M.,GB,1 week ago,300000,ps4,5,Perfect service,fifa23
Hubert R.,IE,1 week ago,70000,xbox,5,Very good,fifa23
Adam B.,GB,1 week ago,60000,ps4,5,Highly reccomend. Used lots of times,fifa23
Dan F.,GB,1 week ago,160000,ps4,5,Top draw,fifa23
Dermotov M.,IE,1 week ago,240000,ps4,5,The best,fifa23
Thomas V.,DE,1 week ago,230000,ps4,5,? Top Star,fifa23
gershom d.,GB,1 week ago,1700000,ps4,5,quick thank you,fifa23
Arthur S.,BR,1 week ago,200000,ps4,5,Great service!,fifa23
Sam K.,QA,1 week ago,1000000,ps4,5,I would like to request compensation for the delays this morning. It took over an hour per player and took my whole day to complete the order. Not the usual speed I have on this site,fifa23
Arnab G.,IE,1 week ago,200000,ps4,5,Happy with the service as always,fifa23
Ruben W.,DE,1 week ago,20000,ps4,5,Sehr gut,fifa23
John C.,GB,1 week ago,100000,pc,5,Good Job !!!,fifa23
Kyle H.,AU,1 week ago,60000,pc,5,the best,fifa23
Donnacha M.,IE,1 week ago,70000,xbox,5,Very good,fifa23
fiqo r.,SG,1 week ago,90000,ps4,5,?? nice,fifa23
Kyle H.,AU,1 week ago,130000,pc,5,the best,fifa23
Cart L.,US,1 week ago,600000,pc,5,amazing again,fifa23
Darren L.,SG,1 week ago,250000,pc,5,It was a great experience,fifa23
Greg B.,US,1 week ago,260000,xbox,5,Awesome and easy,fifa23
Brian U.,SE,1 week ago,210000,ps4,5,110% legit,fifa23
Luis G.,SV,1 week ago,10000,ps4,5,Wooooo excelente,fifa23
Jay D.,GB,1 week ago,30000,ps4,5,Good service,fifa23
Mo M.,US,1 week ago,710000,ps4,5,The best,fifa23
Richard B.,GB,1 week ago,100000,pc,5,Very good service,fifa23
János K.,HU,1 week ago,40000,pc,5,Best page eu,fifa23
Cart L.,US,1 week ago,230000,pc,5,really good took a little sec to get used too plus customer service is amazing i swear its not a scam guys,fifa23
David P.,RO,1 week ago,200000,pc,5,fast delivery,fifa23
Ronaldo S.,US,1 week ago,50000,ps4,5,Fast and easy,fifa23
Oliver L.,GB,1 week ago,200000,xbox,5,great service,fifa23
Aron D.,GB,1 week ago,500000,xbox,5,Very quico,fifa23
Bartlomiej O.,GB,1 week ago,100000,ps4,5,Amazing !!,fifa23
ricky m.,GB,1 week ago,430000,pc,5,"Top service once again, fast & safe, GG.",fifa23
Archie A.,GB,1 week ago,10000,ps4,5,mega bosh,fifa23
Niall S.,GB,1 week ago,750000,ps4,5,Quick and easy,fifa23
Fabián N.,MX,1 week ago,110000,xbox,5,Bien como siempre,fifa23
David M.,GB,1 week ago,300000,xbox,5,Spot on,fifa23
Jacob H.,GB,1 week ago,10000,ps4,5,Great service,fifa23
Daniel C.,GB,1 week ago,70000,xbox,5,5 star,fifa23
Liam M.,GB,1 week ago,80000,xbox,5,Great great great,fifa23
Liam M.,GB,1 week ago,40000,xbox,5,Great and amazing,fifa23
Riyadh M.,GB,1 week ago,10000,ps4,5,Sewey fuck israel,fifa23
Bret H.,US,1 week ago,650000,xbox,5,Awesome! Very easy!,fifa23
Thomas B.,GB,1 week ago,20000,ps4,5,Good but longer than usual,fifa23
correy j.,GB,1 week ago,20000,pc,5,good service,fifa23
Michael P.,US,1 week ago,520000,ps4,5,awesome thank you,fifa23
HAUSS M.,LU,1 week ago,1180000,pc,5,love it,fifa23
Luis W.,MX,1 week ago,400000,xbox,5,Fast and easy!,fifa23
Usman K.,GB,1 week ago,100000,ps4,5,Brilliant as always,fifa23
Andrio A.,GB,1 week ago,1500000,ps4,5,Amazing ?,fifa23
Dan F.,GB,1 week ago,100000,ps4,5,Good service,fifa23
Jack P.,IE,1 week ago,200000,ps4,5,Very goodr,fifa23
Matthew .,GB,1 week ago,30000,ps4,5,Super fast,fifa23
Paul M.,IE,1 week ago,300000,ps4,5,Took time but worked in the end 300k coins,fifa23
Hassan E.,BE,1 week ago,100000,ps4,5,"Merci,un peut long mais ?a va",fifa23
Federico V.,IT,1 week ago,10000,ps4,5,Va a,fifa23
Ion Andrei A.,RO,1 week ago,20000,ps4,5,Very good,fifa23
Ziyaad I.,ZA,1 week ago,100000,ps4,5,Trustworthy. Well done.,fifa23
Xavier E.,FR,1 week ago,200000,ps4,5,Commande bien re?u,fifa23
Lewis O.,GB,1 week ago,50000,ps4,5,Quick and easy,fifa23
Csáki A.,HU,1 week ago,20000,pc,5,thx xdd,fifa23
Lewis O.,GB,1 week ago,70000,ps4,5,Quick and easy,fifa23
christer a.,NO,1 week ago,100000,ps4,5,"fantastic, very good",fifa23
Patrik V.,GB,1 week ago,200000,ps4,5,This website is awesome,fifa23
Marcel K.,DE,1 week ago,170000,pc,5,thx fast again,fifa23
Owen N.,US,1 week ago,30000,ps4,5,Brill as always,fifa23
Jean pierre Z.,BE,1 week ago,150000,ps4,5,Thank you,fifa23
Vincent B.,DE,1 week ago,750000,xbox,5,Wenn mans einmal gemacht hat ist es ganz leicht und man verliert kein Geld oder so wenn man mal einen Fehler macht,fifa23
Daniel W.,GB,1 week ago,150000,ps4,5,Lets gooooo,fifa23
Ryan W.,GB,1 week ago,350000,ps4,5,Brilliant platform saves time,fifa23
Jose German M.,ES,1 week ago,50000,ps4,5,Gracias por todo,fifa23
Thomas M.,IE,1 week ago,200000,xbox,5,Very good and reliable,fifa23
Jarco v.,NL,1 week ago,200000,ps4,5,Werkt top en super makkelijk!,fifa23
Liam M.,AU,1 week ago,30000,ps4,5,Totw dem,fifa23
Dan A.,AU,1 week ago,600000,xbox,5,Top g,fifa23
Philip R.,DK,1 week ago,360000,ps4,5,Super service,fifa23
samuel h.,US,1 week ago,30000,ps4,5,fast n ez,fifa23
Fabián N.,MX,1 week ago,120000,xbox,5,Buen servicio,fifa23
Josh G.,AU,1 week ago,200000,xbox,5,Best for fut coins,fifa23
Tyler S.,GB,1 week ago,30000,xbox,5,Fasttt ???,fifa23
Alexandre F.,PT,1 week ago,70000,ps4,5,very good,fifa23
Hollie H.,GB,1 week ago,70000,ps4,5,Good great amazing usefull to get fifa 23 coins love it,fifa23
Adam W.,GB,1 week ago,200000,xbox,5,"So Quick and easy, thank you",fifa23
Sam L.,GB,1 week ago,260000,ps4,5,Amazing! Very easy,fifa23
Fatih G.,NL,1 week ago,1500000,ps4,5,Took a bit long but great,fifa23
David L.,US,1 week ago,300000,pc,5,great service,fifa23
Dan F.,GB,1 week ago,20000,ps4,5,Quick and easy way to get coins,fifa23
Owen N.,US,1 week ago,30000,ps4,5,Great as always,fifa23
Daniel M.,GB,1 week ago,600000,ps4,5,Good service,fifa23
Nicolas M.,FR,1 week ago,200000,ps4,5,Merci beaucoup,fifa23
Craig L.,GB,1 week ago,10000,ps4,5,Gd site,fifa23
Tuur V.,NL,1 week ago,40000,ps4,5,Kkr shit,fifa23
Vera S.,US,1 week ago,100000,xbox,5,It took a little longer than expected but they made it right!,fifa23
Xaver K.,DE,1 week ago,700000,pc,5,Sehr sehr gut 1 stunde gewartet zwar aber das war abzusehen weil ich viel coins wollte mega gut !,fifa23
Ashton C.,GB,1 week ago,170000,ps4,5,Quick and efficient,fifa23
Marcel K.,DE,1 week ago,200000,pc,5,"Toke longer then normal, but all fine again",fifa23
Nikolai m.,NO,1 week ago,260000,pc,5,Great service. well guided and easy if u follow the steps!,fifa23
Yusif M.,HU,1 week ago,30000,pc,5,"purchased more than 10 times,never got banned,hope this time wont be exception",fifa23
Joe W.,GB,1 week ago,300000,ps4,5,Easy as pie. Thank you very much!,fifa23
James B.,GB,1 week ago,200000,ps4,5,200k fast mint,fifa23
Daniel F.,CZ,1 week ago,10000,ps4,5,Fast and cheap??,fifa23
David G.,IE,1 week ago,40000,ps4,5,a1 work,fifa23
Mario P.,CZ,1 week ago,210000,pc,5,Easiest way to get coins!,fifa23
James B.,GB,1 week ago,200000,ps4,5,200k fast easy good service,fifa23
James B.,GB,1 week ago,10000,ps4,5,10k fast and easy,fifa23
Dan L.,GB,1 week ago,90000,xbox,5,Bcc bb,fifa23
Deandre D.,CA,1 week ago,60000,ps4,5,Process was easy,fifa23
Gary S.,GB,1 week ago,300000,ps4,5,Great service,fifa23
Damien H.,GB,1 week ago,1010000,ps4,5,Very good!!,fifa23
Yermo A.,DE,1 week ago,850000,pc,5,"Best service, Fast and ok!!",fifa23
Daniel W.,NZ,1 week ago,80000,xbox,5,Great thanks,fifa23
Daniel W.,GB,1 week ago,250000,ps4,5,Love these guys,fifa23
Adam J.,GB,1 week ago,330000,pc,5,very good,fifa23
Keith L.,GB,1 week ago,890000,ps4,5,A* Service as usual,fifa23
Rashid j.,US,1 week ago,600000,ps4,5,amaszi h,fifa23
fiqo r.,SG,1 week ago,20000,ps4,5,first time trying! worth it,fifa23
dave r.,GB,1 week ago,300000,pc,5,A little slower than usual given I had to wait overnight for a player to redeem but they will be compensating me :),fifa23
Yiannakis C.,GB,1 week ago,2000000,xbox,5,good work,fifa23
Patrick J.,IE,1 week ago,400000,ps4,5,BEST SERVICE GOING,fifa23
Kaleb S.,US,1 week ago,210000,ps4,5,W WEBSITE LOVE IT ?,fifa23
Nikola H.,CH,1 week ago,20000,ps4,5,l?xk eier,fifa23
Emre E.,NL,1 week ago,50000,ps4,5,Always good,fifa23
Charlie L.,NZ,1 week ago,80000,ps4,5,Shush u waffles shush,fifa23
X X.,FR,1 week ago,100000,xbox,5,Commande au top,fifa23
X X.,FR,1 week ago,400000,xbox,5,Très bien,fifa23
Bartlomiej O.,GB,1 week ago,100000,ps4,5,Amazing quick !,fifa23
Arturo G.,MX,1 week ago,60000,xbox,5,Dui 2,fifa23
Krzysztof B.,GB,1 week ago,50000,ps4,5,Easy and convenient,fifa23
Aaron J.,DE,1 week ago,100000,ps4,5,Best Site,fifa23
ANTONIO I.,IT,1 week ago,10000,ps4,5,Grazie mille ??,fifa23
ANTONIO I.,IT,1 week ago,10000,ps4,5,Grandi come sempre,fifa23
Francisco R.,ES,1 week ago,150000,ps4,5,Muy bueno ?,fifa23
Vincent B.,DE,1 week ago,250000,xbox,5,L?uft ganz gut,fifa23
Szia s.,RS,1 week ago,10000,pc,5,Not bad,fifa23
Brandon P.,GB,1 week ago,100000,ps4,5,Brilliant service,fifa23
kenneth p.,US,1 week ago,70000,xbox,5,v xbx,fifa23
John C.,GB,1 week ago,100000,pc,5,Good Job !!!,fifa23
Eddie Z.,US,1 week ago,990000,xbox,5,well worth it,fifa23
Mehmet B.,TR,1 week ago,50000,pc,5,Oldu süper,fifa23
Mattia C.,IT,1 week ago,60000,ps4,5,grandissimo top,fifa23
pasquale c.,IT,1 week ago,200000,ps4,5,i migliori,fifa23
Thomas M.,DE,1 week ago,550000,ps4,5,Great Service,fifa23
Raphael T.,FR,1 week ago,30000,xbox,5,Très bon site,fifa23
Carlos J.,GB,1 week ago,30000,ps4,5,Just got 1M thanks,fifa23
Isael R.,US,1 week ago,10000,xbox,5,Five star delivery service ??????????,fifa23
Niall G.,GB,1 week ago,10000,ps4,5,Good service again!!,fifa23
Tom M.,BE,1 week ago,80000,ps4,5,Seems good!,fifa23
Kurilla D.,HU,1 week ago,40000,xbox,5,Very good very nice,fifa23
Jaswinder Singh G.,DK,1 week ago,130000,pc,5,Thanks everything went good and safe,fifa23
kenneth p.,US,1 week ago,40000,xbox,5,actually works lol,fifa23
samuel h.,US,1 week ago,30000,ps4,5,fast n ez,fifa23
Micnic A.,DK,1 week ago,100000,ps4,5,really good and fast too,fifa23
shaul r.,IL,1 week ago,400000,ps4,5,very quick service,fifa23
Dylan M.,GB,1 week ago,120000,ps4,5,Can’t complain,fifa23
Adham A.,DK,1 week ago,1080000,ps4,5,Thanks ??,fifa23
Mustafa E.,TR,1 week ago,50000,pc,5,Amazing and easy Thanks,fifa23
Mert A.,TR,1 week ago,120000,ps4,5,best ever this is my second time,fifa23
Dylan M.,GB,1 week ago,100000,ps4,5,Fast and reliable,fifa23
Dylan M.,GB,1 week ago,100000,ps4,5,Good and reliable,fifa23
Alessandro M.,DE,1 week ago,20000,ps4,5,Very good,fifa23
Alessandro M.,DE,1 week ago,100000,ps4,5,Wow very good,fifa23
Justin L.,US,1 week ago,1180000,ps4,5,LOVE IT,fifa23
Andrew E.,GB,1 week ago,30000,xbox,5,As always excellent service,fifa23
Sayed Hashim N.,BH,1 week ago,150000,ps4,5,It’s my first time And it’s was very nice ?,fifa23
Devon L.,GB,1 week ago,10000,pc,5,geat coins,fifa23
Omar A.,CA,1 week ago,1000000,ps4,5,Perfect service!!,fifa23
jak b.,GB,1 week ago,300000,xbox,5,Best of always!,fifa23
Tanner T.,US,1 week ago,70000,ps4,5,Thanks much,fifa23
Leo H.,US,1 week ago,50000,ps4,5,The best,fifa23
Daniel W.,NZ,1 week ago,130000,xbox,5,Great thanks,fifa23
ANTONIO I.,IT,1 week ago,20000,ps4,5,Best service ever,fifa23
Samuel R.,GB,2 weeks ago,200000,ps4,5,I like,fifa23
Faragó D.,HU,2 weeks ago,220000,xbox,5,Cool :),fifa23
Haywood D.,US,2 weeks ago,200000,ps4,5,Linus Massey,fifa23
Ryan W.,GB,2 weeks ago,130000,ps4,5,Worked great as always,fifa23
Samuel R.,GB,2 weeks ago,100000,ps4,5,"I like,e it",fifa23
Kurilla D.,HU,2 weeks ago,200000,xbox,5,Fast and good thx,fifa23
arnav p.,GB,2 weeks ago,50000,ps4,5,very very good,fifa23
Abid K.,IL,2 weeks ago,700000,ps4,5,PERFECT <333333,fifa23
ricky m.,GB,2 weeks ago,430000,pc,5,"Easy user friendly service, highly recommend.",fifa23
Adam B.,CZ,2 weeks ago,150000,xbox,5,Everithing was good,fifa23
Matthew D.,GB,2 weeks ago,80000,xbox,5,free spins YAY,fifa23
Juno Z.,SR,2 weeks ago,200000,ps4,5,works great,fifa23
John C.,GB,2 weeks ago,100000,pc,5,Good job !!!,fifa23
Juno Z.,SR,2 weeks ago,100000,ps4,5,works great!,fifa23
Andrew E.,GB,2 weeks ago,50000,xbox,5,Excellent service easy to use. Nice n quick ?,fifa23
Joe D.,GB,2 weeks ago,10000,ps4,5,The best,fifa23
John O.,IE,2 weeks ago,150000,ps4,5,Reliable as always,fifa23
Alex M.,GB,2 weeks ago,30000,ps4,5,rip got willock,fifa23
adam c.,GB,2 weeks ago,190000,pc,5,love this site love love love love yay,fifa23
Ahmet K.,BE,2 weeks ago,300000,pc,5,Hartstikke goed,fifa23
Louis H.,BE,2 weeks ago,500000,ps4,5,good job,fifa23
Selim O.,BE,2 weeks ago,250000,xbox,5,The best,fifa23
Tanner T.,US,2 weeks ago,150000,ps4,5,They did a fantastic job,fifa23
Adrian I.,GR,2 weeks ago,150000,ps4,5,Perfect service!,fifa23
stefanos p.,CY,2 weeks ago,70000,ps4,5,very happy,fifa23
Ryan S.,GB,2 weeks ago,150000,ps4,5,Yh bro,fifa23
Corey C.,IE,2 weeks ago,40000,ps4,5,Very good and quick response time,fifa23
Benedict S.,GB,2 weeks ago,150000,pc,5,Great service,fifa23
James B.,GB,2 weeks ago,100000,ps4,5,Fast 100k coins fast and easy,fifa23
Faiz S.,US,2 weeks ago,230000,ps4,5,Fast process,fifa23
James C.,GB,2 weeks ago,10000,ps4,5,Coins. Nice,fifa23
James B.,GB,2 weeks ago,10000,ps4,5,Thank fast,fifa23
Diego s.,IT,2 weeks ago,30000,ps4,5,consegna velocissima!!,fifa23
Diego s.,IT,2 weeks ago,50000,ps4,5,affidabili come sempre!!,fifa23
samuel h.,US,2 weeks ago,10000,ps4,5,fast n ez,fifa23
Hossein A.,ES,2 weeks ago,100000,ps4,5,Fast and great,fifa23
Ali S.,DK,2 weeks ago,500000,ps4,5,very nice thank you,fifa23
Adham A.,DK,2 weeks ago,10000,ps4,5,Good thanks??,fifa23
adam c.,GB,2 weeks ago,120000,pc,5,"thank you guys will be back again, and again and again 10 stars from me",fifa23
Cameron C.,GB,2 weeks ago,510000,xbox,5,Great and reliable as always,fifa23
Ti V.,BE,2 weeks ago,30000,ps4,5,Nice and fast,fifa23
Mo D.,GB,2 weeks ago,440000,ps4,5,The very best,fifa23
Xavier H.,AU,2 weeks ago,100000,ps4,5,so good man always rely on fut coin,fifa23
Ruchard C.,GB,2 weeks ago,300000,ps4,5,Best place for coins,fifa23
Omar A.,CA,2 weeks ago,500000,ps4,5,Perfect service!!,fifa23
Rares C.,GB,2 weeks ago,400000,pc,5,Quick and easy,fifa23
Jo B.,AU,2 weeks ago,30000,ps4,5,OK hu,fifa23
Sergio malcom P.,MX,2 weeks ago,50000,xbox,5,Muy buena compra,fifa23
Sergio malcom P.,MX,2 weeks ago,50000,xbox,5,Muy buena comora,fifa23
Sergio malcom P.,MX,2 weeks ago,180000,xbox,5,Muy buena comora,fifa23
Sergio malcom P.,MX,2 weeks ago,40000,xbox,5,Muy buena compra,fifa23
Sergio malcom P.,MX,2 weeks ago,50000,xbox,5,Muy buena comora,fifa23
Sergio malcom P.,MX,2 weeks ago,60000,xbox,5,Muy bien Gracias,fifa23
Sergio malcom P.,MX,2 weeks ago,110000,xbox,5,Muy buena compra,fifa23
Daniel C.,GB,2 weeks ago,40000,xbox,5,5 stars,fifa23
Hart K.,US,2 weeks ago,220000,ps4,5,Great thank you!,fifa23
Yassin E.,SE,2 weeks ago,70000,ps4,5,Very smooth,fifa23
X X.,FR,2 weeks ago,250000,xbox,5,Très bien,fifa23
Darragh M.,IE,2 weeks ago,400000,ps4,5,Brilliant service,fifa23
Kedar B.,GB,2 weeks ago,70000,ps4,5,Love it,fifa23
Efe ?.,TR,2 weeks ago,20000,ps4,5,Very nicee,fifa23
János K.,HU,2 weeks ago,10000,pc,5,Very nice,fifa23
Lincoln C.,CL,2 weeks ago,430000,ps4,5,100% confiable,fifa23
Michael M.,GB,2 weeks ago,200000,ps4,5,Absolutely wonderful service - great job!,fifa23
Thomas B.,GB,2 weeks ago,20000,ps4,5,Very good,fifa23
Daniel C.,GB,2 weeks ago,440000,pc,5,very good,fifa23
Pasquale L.,IT,2 weeks ago,280000,pc,5,Very good,fifa23
Dahrean H.,GB,2 weeks ago,160000,xbox,5,Appreciate you,fifa23
Chris G.,GB,2 weeks ago,100000,ps4,5,100% dead on,fifa23
Harees S.,GB,2 weeks ago,240000,ps4,5,good stuff guys,fifa23
Jacob S.,GB,2 weeks ago,30000,ps4,5,So good,fifa23
Benjamin L.,GB,2 weeks ago,100000,ps4,5,Amazing job,fifa23
Mohamed A.,BE,2 weeks ago,10000,ps4,5,Best coins fast,fifa23
oscar h.,GB,2 weeks ago,100000,ps4,5,You will need around 20 mins of time to do it but it is worth it!,fifa23
Michael S.,GB,2 weeks ago,200000,ps4,5,Thanks was fast an efficient,fifa23
James J.,GB,2 weeks ago,200000,xbox,5,So quick,fifa23
Edgar G.,US,2 weeks ago,40000,ps4,5,As always,fifa23
Tony T.,GB,2 weeks ago,100000,xbox,5,Great service,fifa23
Cristian H.,GB,2 weeks ago,320000,ps4,5,Good quality for the money,fifa23
Abel B.,US,2 weeks ago,3600000,xbox,5,fast and accurate,fifa23
Usman K.,GB,2 weeks ago,100000,ps4,5,Great service again,fifa23
Jean Carlos G.,GB,2 weeks ago,200000,pc,5,Amazing and quick,fifa23
Matthew .,GB,2 weeks ago,70000,ps4,5,Super fast,fifa23
James N.,GB,2 weeks ago,300000,xbox,5,Great service,fifa23
Thomas S.,GB,2 weeks ago,70000,ps4,5,Rather spectacular,fifa23
Abdulaziz F.,SE,2 weeks ago,150000,ps4,5,Thanks Alot really smoothly,fifa23
Jarrad M.,GB,2 weeks ago,100000,ps4,5,Quick and easy,fifa23
Oliver M.,US,2 weeks ago,20000,ps4,5,Love this app,fifa23
John M.,GB,2 weeks ago,60000,xbox,5,"Stunning, as usual.",fifa23
Randy A.,AU,2 weeks ago,510000,ps4,5,Very. Good service,fifa23
Taki T.,VN,2 weeks ago,300000,ps4,5,Fast and comfortable!,fifa23
Aurelie G.,BE,2 weeks ago,100000,xbox,5,Merci vrmt pas d arnaque tout re?u,fifa23
Sem V.,NL,2 weeks ago,100000,pc,5,Ik was eerst ff bang dat nep was omdat ik aankoop niet kon vinden maar bij deze het werd ma pang pang,fifa23
Alexandru T.,BE,2 weeks ago,50000,ps4,5,great service as always,fifa23
Daniel W.,NZ,2 weeks ago,100000,xbox,5,Thank you,fifa23
Rahim A.,GB,2 weeks ago,200000,ps4,5,Quick and trustworthy!,fifa23
Daniel W.,NZ,2 weeks ago,100000,xbox,5,Great thanks,fifa23
Cem James K.,US,2 weeks ago,300000,ps4,5,very gut,fifa23
Idris E.,GB,2 weeks ago,100000,ps4,5,Love it gonna come back definitely,fifa23
Bret H.,US,2 weeks ago,600000,xbox,5,Absolutely amazing. I was skeptical but I will now be buying more coins from these guys,fifa23
Sergio malcom P.,MX,2 weeks ago,70000,xbox,5,Muy bien gracias,fifa23
Sergio malcom P.,MX,2 weeks ago,40000,xbox,5,Muy buena compra,fifa23
Enrique M.,ES,2 weeks ago,150000,ps4,5,Todo perfecto,fifa23
Diego s.,IT,2 weeks ago,20000,ps4,5,consegna veloce e affidabile,fifa23
S M.,US,2 weeks ago,100000,ps4,5,200 / 200,fifa23
Edgar G.,US,2 weeks ago,80000,ps4,5,Hi very nice,fifa23
Rayyan M.,GB,2 weeks ago,20000,ps4,5,Perfect service,fifa23
Sadat M.,GB,2 weeks ago,180000,ps4,5,Very good,fifa23
Alexandru T.,BE,2 weeks ago,440000,ps4,5,great service as always,fifa23
carsten A.,DK,2 weeks ago,100000,ps4,5,It was amazing thank u so much Have a great day,fifa23
Smanuelmartin69 M.,ES,2 weeks ago,150000,ps4,5,MUTY BIEN,fifa23
Heber R.,MX,2 weeks ago,10000,xbox,5,Thx for the prize,fifa23
Liam L.,IE,2 weeks ago,70000,ps4,5,great when you need coins,fifa23
Anthon F.,GB,2 weeks ago,100000,ps4,5,Best FUT coin seller on the market :),fifa23
Heber R.,MX,2 weeks ago,100000,xbox,5,"Hope i don't get banned, although it was long i have my coins, thanks! Will buy again",fifa23
Arran N.,GB,2 weeks ago,100000,ps4,5,Always class,fifa23
Umar A.,GB,2 weeks ago,30000,xbox,5,no coins,fifa23
Anthon F.,GB,2 weeks ago,200000,ps4,5,Best FUT coin seller on the market :),fifa23
Josh W.,GB,2 weeks ago,80000,ps4,5,Nice and quick!,fifa23
Ricky C.,GB,2 weeks ago,40000,xbox,5,Very good!,fifa23
Farzan B.,AE,2 weeks ago,1000000,ps4,5,thank you so much!,fifa23
Lithai H.,IL,2 weeks ago,1010000,ps4,5,ty hopefully i dont get banned lol,fifa23
Amelia D.,GB,2 weeks ago,110000,ps4,5,very good,fifa23
Taki T.,VN,2 weeks ago,200000,ps4,5,The best!!!,fifa23
Farzan B.,AE,2 weeks ago,150000,ps4,5,nice and safe and didn't take too long,fifa23
Nuha M.,GB,2 weeks ago,30000,ps4,5,Great service,fifa23
Shiloh I.,SE,2 weeks ago,300000,ps4,5,I love you,fifa23
Edgar B.,US,2 weeks ago,520000,ps4,5,Love it Yes!,fifa23
Tyler S.,GB,2 weeks ago,10000,xbox,5,What I expected,fifa23
Karen L.,GB,2 weeks ago,90000,ps4,5,Perfect and fast,fifa23
Abn M.,US,2 weeks ago,30000,ps4,5,Much safer then other sites. With separate purchases,fifa23
Joshua D.,GB,2 weeks ago,250000,xbox,5,Great service.,fifa23
Taki T.,VN,2 weeks ago,300000,ps4,5,Very good,fifa23
Jarne A.,BE,2 weeks ago,230000,ps4,5,Always a great service,fifa23
Andy L.,GB,2 weeks ago,970000,xbox,5,Great service always have been,fifa23
Joshua F.,MX,2 weeks ago,680000,ps4,5,Muy seguro y rapido. Siempre cumplen,fifa23
Ryan M.,GB,2 weeks ago,80000,ps4,5,Fast coins,fifa23
Moohtje P.,NL,2 weeks ago,260000,ps4,5,shit happens,fifa23
Lior S.,IL,2 weeks ago,30000,xbox,5,Thank you!,fifa23
Alexander S.,GB,2 weeks ago,110000,ps4,5,Great service highly recommend,fifa23
Grant K.,IE,2 weeks ago,210000,xbox,5,Brilliant as always,fifa23
Liam S.,AU,2 weeks ago,120000,xbox,5,ok kjjjj,fifa23
Jean pierre Z.,BE,2 weeks ago,250000,ps4,5,Thank you,fifa23
Jeroen B.,NL,2 weeks ago,310000,ps4,5,Very happy customer,fifa23
Harry H.,GB,2 weeks ago,560000,xbox,5,Abit slow today,fifa23
Keurtys R.,FR,2 weeks ago,350000,xbox,5,Service rapide et efficace.,fifa23
Isaac W.,US,2 weeks ago,140000,xbox,5,Fast and easy!!!,fifa23
Jayden V.,AU,2 weeks ago,20000,ps4,5,God tier,fifa23
ádám D.,HU,2 weeks ago,80000,ps4,5,Super fast and nice,fifa23
Tom M.,AU,2 weeks ago,100000,ps4,5,100 percent works,fifa23
Jayden V.,AU,2 weeks ago,150000,ps4,5,Absolutely my favourite page,fifa23
Bailey C.,AU,2 weeks ago,40000,xbox,5,Very helpful,fifa23
Peter H.,GB,2 weeks ago,240000,ps4,5,Very good,fifa23
Bram C.,BE,2 weeks ago,170000,ps4,5,Very good very nice,fifa23
Don R.,AU,2 weeks ago,20000,xbox,5,Maddest company,fifa23
Jeroen B.,NL,2 weeks ago,10000,ps4,5,Best service ever,fifa23
Gokay Y.,AU,2 weeks ago,50000,ps4,5,it’s legit and fast,fifa23
David H.,US,2 weeks ago,200000,ps4,5,Awesome stuff,fifa23
Jovan L.,SG,2 weeks ago,200000,ps4,5,I chose the manual option. Process took ard 1hr plus for 200k coins. Most imptly is that at least I know my account secure without giving my acc info away.,fifa23
Alex M.,GB,2 weeks ago,70000,ps4,5,lets hope i get yaya,fifa23
Sergio malcom P.,MX,2 weeks ago,30000,xbox,5,Muy buena compra,fifa23
Brian H.,US,2 weeks ago,250000,ps4,5,Very good,fifa23
Bradman T.,AU,2 weeks ago,400000,ps4,5,Very good,fifa23
oscar M.,US,2 weeks ago,150000,xbox,5,Best app outhere,fifa23
Sander V.,NL,2 weeks ago,200000,xbox,5,"Ty, love yous",fifa23
Brian H.,US,2 weeks ago,160000,ps4,5,Got all my coins and it’s trust worthy,fifa23
Almohanad K.,AE,2 weeks ago,10000,ps4,5,Soooo goood and cheap,fifa23
Ben P.,GB,2 weeks ago,100000,ps4,5,Very good,fifa23
Shazzy M.,GB,2 weeks ago,200000,ps4,5,Very quick n easy,fifa23
Wessel V.,NL,2 weeks ago,1900000,ps4,5,Gerry good service,fifa23
Stefano F.,IT,2 weeks ago,10000,ps4,5,App stupenda complimenti veramente ??,fifa23
Niall G.,GB,2 weeks ago,10000,ps4,5,great service!!!,fifa23
jasper B.,BE,2 weeks ago,260000,ps4,5,rtge gdrf g'ertg,fifa23
oscar M.,US,2 weeks ago,340000,xbox,5,Good job guys,fifa23
Dean W.,GB,2 weeks ago,400000,xbox,5,Good service,fifa23
Jayne M.,GB,2 weeks ago,40000,ps4,5,Good and Easy,fifa23
Wojtek B.,GB,2 weeks ago,150000,xbox,5,Very good,fifa23
Moohtje P.,NL,2 weeks ago,70000,ps4,5,thnx you fut it's very spencif,fifa23
Sean F.,IE,2 weeks ago,100000,xbox,5,Great service,fifa23
Moohtje P.,NL,2 weeks ago,100000,ps4,5,hee thnx,fifa23
Daniel W.,SG,2 weeks ago,500000,ps4,5,Fast and reliable,fifa23
Jack B.,GB,2 weeks ago,1500000,xbox,5,Thank you,fifa23
Matthew D.,GB,2 weeks ago,550000,xbox,5,I was confused at the start but A++++,fifa23
Hossein G.,AE,2 weeks ago,200000,xbox,5,Hhhdhe GB,fifa23
Guy B.,IL,2 weeks ago,570000,ps4,5,bestttttttttttt everrrrr,fifa23
Freddie R.,GB,2 weeks ago,100000,xbox,5,Amazing every time,fifa23
Daniel L.,GB,2 weeks ago,250000,ps4,5,Very efficient,fifa23
Marios l.,GR,2 weeks ago,150000,ps4,5,very good,fifa23
rappel k.,CA,2 weeks ago,250000,ps4,5,great overall services,fifa23
Marios l.,GR,2 weeks ago,2500000,ps4,5,very good,fifa23
Xecbry L.,AU,2 weeks ago,100000,ps4,5,Thanks! Relatively quick transaction,fifa23
Balpreet S.,AU,2 weeks ago,90000,ps4,5,Easy and smooth,fifa23
aistis M.,GB,2 weeks ago,20000,ps4,5,Ok my friend,fifa23
Moussa B.,GB,2 weeks ago,80000,ps4,5,Fast and reliable thank you,fifa23
Leval G.,GB,2 weeks ago,10000,ps4,5,Love it,fifa23
Domenico V.,IT,2 weeks ago,20000,ps4,5,Grazie velocissimo,fifa23
Sergio malcom P.,MX,2 weeks ago,40000,xbox,5,Muy buena compra,fifa23
Leni C.,CH,2 weeks ago,120000,ps4,5,Génial ?,fifa23
Leni C.,CH,2 weeks ago,70000,ps4,5,La classe a dallas,fifa23
Yann L.,FR,2 weeks ago,350000,ps4,5,Merci beaucoup,fifa23
Sergio malcom P.,MX,2 weeks ago,40000,xbox,5,Excelente compra gracias,fifa23
Dom M.,IE,2 weeks ago,250000,ps4,5,"Packs on FIFA points are never worth it. Buy coins trade to make your dream team, v good service.",fifa23
Matthew H.,GB,2 weeks ago,30000,xbox,5,Good service again,fifa23
Niall G.,GB,2 weeks ago,40000,ps4,5,Good service again!!!,fifa23
Niklas C.,NO,2 weeks ago,100000,ps4,5,Always perfect!,fifa23
ruben c.,PT,2 weeks ago,150000,xbox,5,100% confiavem. Voltarei logo que possível,fifa23
ilias s.,NL,2 weeks ago,130000,ps4,5,Well done,fifa23
Devon L.,GB,2 weeks ago,50000,pc,5,good fifa coins,fifa23
Moritz B.,GB,2 weeks ago,180000,ps4,5,Great service,fifa23
Alexander W.,CA,2 weeks ago,50000,pc,5,Easy and quick!,fifa23
VASILE S.,IT,2 weeks ago,150000,pc,5,Fantastico raga !,fifa23
Craig L.,GB,2 weeks ago,20000,ps4,5,Gd gd,fifa23
John C.,GB,2 weeks ago,50000,pc,5,Good job !!!,fifa23
Antoine H.,US,2 weeks ago,10000,ps4,5,W service,fifa23
Liam C.,GB,2 weeks ago,180000,ps4,5,Spot on,fifa23
Johnathan R.,US,2 weeks ago,200000,xbox,5,Best coin service out there. Would highly recommend to anyone,fifa23
Mustafa S.,PS,2 weeks ago,720000,ps4,5,VERY GOOD,fifa23
Sivert V.,NO,2 weeks ago,620000,ps4,5,Good and quick service. Thanks alot =),fifa23
Freddie R.,GB,2 weeks ago,40000,xbox,5,So good,fifa23
JJ L.,GB,2 weeks ago,100000,xbox,5,Amazing as always!,fifa23
samuel h.,US,2 weeks ago,40000,ps4,5,fast n ez,fifa23
Nexus P.,AT,2 weeks ago,1000000,ps4,5,always good,fifa23
Allan S.,GB,2 weeks ago,150000,ps4,5,Great service and easy to use,fifa23
Sisbe V.,BE,2 weeks ago,230000,ps4,5,Dik oke!!!,fifa23
Allen W.,GB,2 weeks ago,1000000,xbox,5,Always really grear,fifa23
Johnathan R.,US,2 weeks ago,530000,xbox,5,Easy and convenient coins. Best service out there by far,fifa23
Jim W.,US,2 weeks ago,300000,ps4,5,God Job,fifa23
Florian R.,DE,2 weeks ago,60000,xbox,5,Sehr cool danke euch :),fifa23
Jim W.,US,2 weeks ago,100000,ps4,5,top level,fifa23
Nasser M.,SA,2 weeks ago,1010000,ps4,5,best trade,fifa23
Jesse V.,NL,2 weeks ago,100000,ps4,5,Zieke man attke,fifa23
Glenn B.,BE,2 weeks ago,200000,ps4,5,Snelle service,fifa23
Caner U.,TR,2 weeks ago,10000,ps4,5,Easy n clean.,fifa23
Lee L.,GB,2 weeks ago,300000,xbox,5,Great platform. Fast and efficient.,fifa23
Declan M.,GB,2 weeks ago,70000,xbox,5,Excellent again,fifa23
Lameiras S.,IL,2 weeks ago,1000000,ps4,5,Thanks amazing service,fifa23
Lewis M.,GB,2 weeks ago,100000,xbox,5,Yh ok,fifa23
Aman H.,GB,2 weeks ago,1000000,ps4,5,Simple. Very fast!,fifa23
Bartlomiej O.,GB,2 weeks ago,100000,ps4,5,Amazing quick,fifa23
Josh G.,AU,2 weeks ago,150000,xbox,5,Very quick. Very good,fifa23
Rb B.,GB,2 weeks ago,40000,ps4,5,Wheres my coins,fifa23
Liam M.,GB,2 weeks ago,50000,xbox,5,So easy and good,fifa23
Liam M.,GB,2 weeks ago,30000,xbox,5,Great great great,fifa23
Mohamed a.,CA,2 weeks ago,140000,ps4,5,Quicker than last time,fifa23
Cameron W.,GB,2 weeks ago,580000,ps4,5,Great Service,fifa23
Enzo F.,CA,2 weeks ago,100000,xbox,5,Merci les meilleur,fifa23
Clement E.,FR,2 weeks ago,70000,ps4,5,? super,fifa23
Glenn B.,BE,2 weeks ago,500000,ps4,5,Bedankt voor de snelle en goeie service,fifa23
oscar M.,US,2 weeks ago,230000,xbox,5,Good job,fifa23
John C.,GB,2 weeks ago,100000,pc,5,Good job !!!,fifa23
Craig L.,GB,2 weeks ago,10000,ps4,5,Gd site,fifa23
Niall G.,GB,2 weeks ago,10000,ps4,5,Good job again,fifa23
Arran N.,GB,2 weeks ago,250000,ps4,5,Top class,fifa23
Amadeo G.,DE,2 weeks ago,100000,ps4,5,Bing chilling,fifa23
Layton C.,GB,2 weeks ago,100000,xbox,5,Great service,fifa23
Hussam M.,SA,2 weeks ago,1180000,xbox,5,Very smooth,fifa23
Lewys T.,GB,2 weeks ago,70000,ps4,5,Actually quite a fun way of manually getting the coins,fifa23
Tyler M.,GB,2 weeks ago,10000,ps4,5,great success,fifa23
Sergio malcom P.,MX,2 weeks ago,60000,xbox,5,Todo súper bien,fifa23
Sergio malcom P.,MX,2 weeks ago,60000,xbox,5,Muy buena compra,fifa23
Omzo B.,IT,2 weeks ago,80000,ps4,5,Ottimo lavoro grazie mille,fifa23
Adrian I.,GR,2 weeks ago,300000,ps4,5,Excellent service!,fifa23
Quinten P.,BE,2 weeks ago,100000,ps4,5,Topp service,fifa23
Cameron W.,GB,2 weeks ago,100000,ps4,5,great service,fifa23
Rob H.,GB,2 weeks ago,200000,ps4,5,"Good service, have used multiple times",fifa23
Mark R.,GB,2 weeks ago,210000,xbox,5,I never worry it’s amazing service,fifa23
Abdullah A.,SA,2 weeks ago,10000,pc,5,Faster thank you,fifa23
Rayyan M.,GB,2 weeks ago,100000,ps4,5,Lovely service,fifa23
Jose M.,US,2 weeks ago,120000,ps4,5,Easy and straightforward,fifa23
NIHAR M.,AU,2 weeks ago,150000,xbox,5,EXCELLENT SERVICE,fifa23
Craig J.,GB,2 weeks ago,100000,xbox,5,Service was extremely fast and would definately use it again!,fifa23
liam C.,GB,2 weeks ago,100000,ps4,5,Please don’t get banned,fifa23
MURAT ?.,TR,2 weeks ago,50000,ps4,5,AMAZ?NG SERV?CE,fifa23
Tyler M.,GB,2 weeks ago,170000,ps4,5,great success!,fifa23
Josh D.,GB,2 weeks ago,950000,ps4,5,Smooth quick and delivered well.,fifa23
Callum C.,GB,2 weeks ago,500000,xbox,5,Easy and efficient,fifa23
Mackenzie W.,AU,2 weeks ago,500000,xbox,5,Don’t open packs,fifa23
Alessandro R.,IT,2 weeks ago,40000,ps4,5,Bel sito ottima idea,fifa23
Matthew W.,GB,2 weeks ago,170000,ps4,5,"Very good lots and lots of fifa coins I got and it worked ,Lovely jubley , ???I rate 10/10",fifa23
Isael R.,US,2 weeks ago,10000,xbox,5,Very fast delivery service ??????????,fifa23
Ricaddo P.,IL,2 weeks ago,950000,ps4,5,Best thannks alot,fifa23
Rhys S.,GB,2 weeks ago,200000,ps4,5,Simple and quick,fifa23
Hernan C.,CO,2 weeks ago,200000,ps4,5,Perfect ??,fifa23
Hosip S.,BE,2 weeks ago,200000,pc,5,Amazing service. Fast and reliable!,fifa23
Ilaria J.,DE,2 weeks ago,10000,ps4,5,Very good,fifa23
Ilaria J.,DE,2 weeks ago,10000,ps4,5,Wow very fast and very good Price,fifa23
John C.,GB,2 weeks ago,100000,pc,5,Good job !!,fifa23
abdul A.,SA,2 weeks ago,10000,ps4,5,this is so reliable,fifa23
Claudio G.,IT,2 weeks ago,150000,ps4,5,Tutto comodo e perfetto!,fifa23
Lior S.,IL,2 weeks ago,110000,xbox,5,Thanks again,fifa23
Lior S.,IL,2 weeks ago,140000,xbox,5,Thank you,fifa23
Ash T.,NZ,2 weeks ago,110000,xbox,5,Thank you,fifa23
Malcolm B.,GB,2 weeks ago,210000,ps4,5,Perfecto :),fifa23
Sergio malcom P.,MX,2 weeks ago,60000,xbox,5,Muy buena compra,fifa23
Sergio malcom P.,MX,2 weeks ago,50000,xbox,5,Muy buena compra,fifa23
Sergio malcom P.,MX,2 weeks ago,100000,xbox,5,Muy buena compra,fifa23
Roberto R.,US,2 weeks ago,150000,xbox,5,Back at it!,fifa23
Cameron S.,GB,3 weeks ago,10000,pc,5,thank you,fifa23
Angel G.,CL,3 weeks ago,130000,ps4,5,Lo mejor de lo mejor,fifa23
dave r.,GB,3 weeks ago,190000,pc,5,good service,fifa23
Harry W.,GB,3 weeks ago,150000,xbox,5,Would recommend,fifa23
Florin I.,GB,3 weeks ago,20000,ps4,5,Very ok,fifa23
Idris E.,GB,3 weeks ago,60000,ps4,5,Loved it so good,fifa23
Cameron W.,GB,3 weeks ago,10000,ps4,5,very good thanks,fifa23
Leo M.,IL,3 weeks ago,4200000,ps4,5,4 milion coins,fifa23
Henry B.,GB,3 weeks ago,50000,xbox,5,It was good,fifa23
Henry B.,GB,3 weeks ago,100000,xbox,5,It was great,fifa23
